Timestamp,Result No,Section,Original Question,Answer
2025-04-29 19:55:05,1,Course Fees,What are the fees for different courses?,"Question: What are the fees for different courses?
Answer: Bignalytics strives to provide high-quality education at a competitive price point. Our fees for different courses typically range from Ã¢â€šÂ¹33,000 to Ã¢â€šÂ¹55,500. The exact fee structure may vary depending on the specific course you choose and any applicable discounts or promotions. We recommend contacting our admissions office for the most accurate and up-to-date information on course fees and payment options."
2025-04-29 19:55:05,2,Course Fees,What are the fees for different courses?,"Question: What are the fees for different courses?
Answer: Bignalytics strives to provide high-quality education at a competitive price point. Our fees for different courses typically range from Ã¢â€šÂ¹33,000 to Ã¢â€šÂ¹55,500. The exact fee structure may vary depending on the specific course you choose and any applicable discounts or promotions. We recommend contacting our admissions office for the most accurate and up-to-date information on course fees and payment options."
2025-04-29 19:55:05,3,Eligibility,What is the eligibility to enroll?,"Question: What is the eligibility to enroll?
Answer: Anyone with an interest in data science, AI, and analytics can enroll."
2025-04-29 19:55:29,1,Eligibility,What is the eligibility to enroll?,"Question: What is the eligibility to enroll?
Answer: Anyone with an interest in data science, AI, and analytics can enroll."
2025-04-29 19:55:29,2,Eligibility,What is the eligibility to enroll?,"Question: What is the eligibility to enroll?
Answer: Anyone with an interest in data science, AI, and analytics can enroll."
2025-04-29 19:55:29,3,Course Details,What is covered in the Advanced Data Analytics course?,"Question: What is covered in the Advanced Data Analytics course?
Answer: The Advanced Data Analytics course at Bignalytics is designed to provide a comprehensive understanding of the data analytics process and equip students with the tools and techniques necessary to excel in this field. The curriculum covers Python for data analysis, SQL for database management, Power BI for data visualization, Excel for data manipulation, ETL processes for data integration, statistics for data interpretation, business intelligence for strategic decision-making, and reporting for effective communication of insights. This comprehensive coverage ensures that students develop a holistic skill set that is highly valued in the industry."
